{
 "format": "heightmap-rg16",
 "mode": "3857",
 "file": "dem.png",
 "x0": -7930928.8145,
 "y0": 5906104.2904,
 "x1": -7927607.8145,
 "y1": 5909538.2904,
 "zmin": 16.003095626831055,
 "zmax": 243.9363555908203,
 "nx": 990,
 "ny": 1024
}